uid,namedLocation,date,eventID,domainID,siteID,plotID,subplotID,individualID,tempStemID,tagStatus,growthForm,plantStatus,stemDiameter,measurementHeight,changedMeasurementLocation,height,baseCrownHeight,breakHeight,breakDiameter,maxCrownDiameter,ninetyCrownDiameter,canopyPosition,shape,basalStemDiameter,basalStemDiameterMsrmntHeight,maxBaseCrownDiameter,ninetyBaseCrownDiameter,dendrometerInstallationDate,initialGapMeasurementDate,initialBandStemDiameter,initialDendrometerGap,dendrometerHeight,dendrometerGap,dendrometerCondition,bandStemDiameter,remarks,recordedBy,measuredBy,dataEntryRecordID,dataQF
"3c58adef-de9c-454c-8040-1f49b317ffe6","HARV_038.basePlot.vst","2022-08-10","vst_HARV_2022","D01","HARV","HARV_038","23_400","NEON.PLA.D01.HARV.05778","1","ok","single bole tree","Live",17.6,130,"noChange",16.6,,,,5.0,4.5,"Partially shaded",,,,,,,,,,,,,,,"0000-0003-1933-3182","0000-0003-2369-8379","ec670bd4-39b9-46f0-bcac-ec82fe862679",
"6ea27aba-2db6-4590-a49f-46ed9114abbc","HARV_038.basePlot.vst","2022-08-10","vst_HARV_2022","D01","HARV","HARV_038","23_400","NEON.PLA.D01.HARV.05753","1","ok","single bole tree","Live, physically damaged",21.7,135,"noChange",15.9,,,,5.5,4.2,"Partially shaded",,,,,,,,,,,,,,"Other Damage; Branch damage","0000-0003-1933-3182","0000-0003-2369-8379","3a551585-62d9-4fe0-b23c-cad4de60cddb",
"d14fdf9b-188c-4c5f-bfa9-35f3ca81847d","HARV_038.basePlot.vst","2022-08-10","vst_HARV_2022","D01","HARV","HARV_038","24_100","NEON.PLA.D01.HARV.04194","1","ok","single shrub","Live",1.2,130,"noChange",0.3,0.0,,,1.5,1.5,"Full shade","ellipsoid or sphere",1.3,10,,,,,,,,,,,"Decumbent growth.","0000-0003-1933-3182","0000-0003-2369-8379","f25f6aaa-7682-4521-8929-f4112b50b710",
"0a8c9f2b-e597-4610-8939-a9e4ea7819c2","HARV_038.basePlot.vst","2022-08-10","vst_HARV_2022","D01","HARV","HARV_038","39_400","NEON.PLA.D01.HARV.04150","1","ok","single bole tree","Live, insect damaged",21.6,130,"noChange",12.8,,,,8.0,7.1,"Mostly shaded",,,,,,,,,,,,,,"Hemlock woolly adelgid crown damage.","0000-0003-1933-3182","0000-0003-2369-8379","2ac5068a-2cf6-4ca6-a436-32c780eb56a6",
"1d5d2cc5-b1a5-4755-a70d-11d3c1b7e61e","HARV_038.basePlot.vst","2022-08-10","vst_HARV_2022","D01","HARV","HARV_038","48_100","NEON.PLA.D01.HARV.10205","1","ok","small tree","Live, insect damaged",5.0,130,"noChange",5.0,,,,4.0,3.2,"Full shade",,,,,,,,,,,,,,"Hemlock woolly adelgid crown damage.","0000-0003-1933-3182","0000-0003-2369-8379","e1bd1000-9fc0-410f-ad76-17535df80705",
"1ebc5186-b7c3-4c94-bf0b-7ffaf7356dd8","HARV_038.basePlot.vst","2022-08-10","vst_HARV_2022","D01","HARV","HARV_038","23_400","NEON.PLA.D01.HARV.05755A","2","ok","multi-bole tree","Live",29.5,130,"noChange",,,,,,,,,,,,,,,,,,,,,,"0000-0003-1933-3182","0000-0003-2369-8379","a85ed472-c83b-48ff-b325-8e9d54c23e0a",
"8d6b059a-7663-49b7-9976-924a1d9b5563","HARV_038.basePlot.vst","2022-08-10","vst_HARV_2022","D01","HARV","HARV_038","33_100","NEON.PLA.D01.HARV.10050","1","ok","small tree","Live",4.7,130,"noChange",5.3,,,,3.9,2.5,"Partially shaded",,,,,,,,,,,,,,"Hemlock woolly adelgid crown damage","0000-0003-1933-3182","0000-0003-2369-8379","a94dde01-3c76-41c7-a286-fa6e54488ec2",
"eb2c0332-2005-41bc-a7f0-99ab937e5cce","HARV_038.basePlot.vst","2022-08-10","vst_HARV_2022","D01","HARV","HARV_038","39_400","NEON.PLA.D01.HARV.04149","1","ok","multi-bole tree","Live",26.9,130,"noChange",22.1,,,,7.0,5.3,"Full sun",,,,,,,,,,,,,,,"0000-0003-1933-3182","0000-0003-2369-8379","15b0e4f8-5cb5-4022-bdee-a499fa68fcc1",
"376266c0-15f8-441a-b63a-9a4c5d1dacdc","HARV_038.basePlot.vst","2022-08-10","vst_HARV_2022","D01","HARV","HARV_038","39_400","NEON.PLA.D01.HARV.05719","1","ok","single bole tree","Live",49.9,130,"noChange",23.5,,,,9.5,7.3,"Full sun",,,,,,,,,,,,,,,"0000-0003-1933-3182","0000-0003-2369-8379","910e7e30-e5c8-4505-a44b-405bd9107ccf",
"d0e86753-1841-49e6-b753-8aba39cedf12","HARV_038.basePlot.vst","2022-08-10","vst_HARV_2022","D01","HARV","HARV_038","23_400","NEON.PLA.D01.HARV.05777","1","ok","single bole tree","Dead, broken bole",26.0,130,"noChange",15.9,,15.8,3.0,,,"Partially shaded",,,,,,,,,,,,,,"Dead; Unknown cause of death or break. Bark falling off","0000-0003-1933-3182","0000-0003-2369-8379","dcf785b0-26e2-419e-890e-a039aac3d9f0",
"28ce2efd-3289-476f-91f3-2a89b5606e33","HARV_038.basePlot.vst","2022-08-10","vst_HARV_2022","D01","HARV","HARV_038","39_100","NEON.PLA.D01.HARV.04437","1","ok","small tree","Live, insect damaged",1.1,130,"noChange",1.8,,,,1.6,1.1,"Full shade",,,,,,,,,,,,,,"Hemlock woolly adelgid crown damage.","0000-0003-1933-3182","0000-0003-2369-8379","887da6ae-28d4-4b79-8702-b2d0b8e598f3",
"c154ef8f-b90e-4409-8a33-5b8328e88621","HARV_038.basePlot.vst","2022-08-10","vst_HARV_2022","D01","HARV","HARV_038","23_400","NEON.PLA.D01.HARV.05765A","2","ok","multi-bole tree","Live",28.1,153,"noChange",,,,,,,,,,,,,,,,,,,,,,"0000-0003-1933-3182","0000-0003-2369-8379","09bf86d1-c77c-4384-9f50-96cd7fb34255",
"c57b96cf-d632-43bf-b668-5ffc93756a81","HARV_038.basePlot.vst","2022-08-10","vst_HARV_2022","D01","HARV","HARV_038","23_400","NEON.PLA.D01.HARV.05736","1","ok","single bole tree","Live",17.1,130,"noChange",10.4,,,,5.2,4.1,"Partially shaded",,,,,,,,,,,,,,"Live; Trace foliar damage","0000-0003-1933-3182","0000-0003-2369-8379","48d50a49-c782-480d-8b78-895bda484ae7",
"1f9e9bd5-db5e-4e1f-a8bc-661dd4560e97","HARV_038.basePlot.vst","2022-08-10","vst_HARV_2022","D01","HARV","HARV_038","48_100","NEON.PLA.D01.HARV.04171","1","ok","sapling","Standing dead",,,"noChange",1.4,,,,,,"Full shade",,2.2,10,,,,,,,,,,,"Death possibly caused by hemlock woolly adelgid.","0000-0003-1933-3182","0000-0003-2369-8379","21c33dbf-ea5d-48fc-b35e-422dc2864501",
"3f2b460f-6820-4ffa-addd-1001ca7949e7","HARV_038.basePlot.vst","2022-08-10","vst_HARV_2022","D01","HARV","HARV_038","39_400","NEON.PLA.D01.HARV.05707","1","ok","single bole tree","Live, insect damaged",12.5,130,"noChange",8.1,,,,5.1,4.3,"Mostly shaded",,,,,,,,,,,,,,"Hemlock woolly adelgid crown damage.","0000-0003-1933-3182","0000-0003-2369-8379","9fc5bb17-20b2-4bab-8c9d-9b32c7736449",
"0e5afd1e-d6db-451e-818e-73f46cc43b22","HARV_038.basePlot.vst","2022-08-10","vst_HARV_2022","D01","HARV","HARV_038","24_100","NEON.PLA.D01.HARV.04495","1","ok","small tree","Live",1.2,130,"noChange",2.0,,,,1.4,0.9,"Mostly shaded",,,,,,,,,,,,,,"Live; Trace insect damage","0000-0003-1933-3182","0000-0003-2369-8379","25d37f15-1a76-4e5c-95fd-19a2c198d8cf",
"9238be93-7696-46df-8a25-ac67a96f8a84","HARV_038.basePlot.vst","2022-08-10","vst_HARV_2022","D01","HARV","HARV_038","39_100","NEON.PLA.D01.HARV.04436","1","ok","small tree","Standing dead",2.5,130,"noChange",0.2,,,,0.7,0.4,"Full shade",,,,,,,,,,,,,,"Crushed by tree fall. Decumbent growth in life. Canopy partially covered by leaf litter. Death possibly caused by tree fall. Hemlock woolly adelgid crown damage.","0000-0003-1933-3182","0000-0003-2369-8379","f5dd6af9-7f72-48b1-b8a4-893b50cfe031",
"14d9e20c-0067-4670-811d-b605145fa921","HARV_038.basePlot.vst","2022-08-10","vst_HARV_2022","D01","HARV","HARV_038","39_400","NEON.PLA.D01.HARV.05733","1","ok","single bole tree","Live, insect damaged",18.7,130,"noChange",12.1,,,,5.9,4.5,"Mostly shaded",,,,,,,,,,,,,,"Hemlock woolly adelgid crown damage.","0000-0003-1933-3182","0000-0003-2369-8379","c66f49e2-7a83-42aa-9623-7973fe298690",
"f73b8f98-2a35-4713-9708-0ad64a94b9c1","HARV_038.basePlot.vst","2022-08-10","vst_HARV_2022","D01","HARV","HARV_038","39_400","NEON.PLA.D01.HARV.05735","1","ok","single bole tree","Live, physically damaged",15.1,135,"noChange",13.8,,,,4.2,2.6,"Mostly shaded",,,,,,,,,,,,,,"Unknown cause of scarring on bole.","0000-0003-1933-3182","0000-0003-2369-8379","4e219eb4-9619-47ec-9a3b-792ce25abe72",
"9a81adc1-3e1e-49bf-b5a2-788f3f130b4b","HARV_038.basePlot.vst","2022-08-10","vst_HARV_2022","D01","HARV","HARV_038","39_400","NEON.PLA.D01.HARV.05731","2","ok","multi-bole tree","Live, broken bole",14.3,130,"noChange",,,4.6,11.0,,,,,,,,,,,,,,,,,"Unknown cause of break.","0000-0003-1933-3182","0000-0003-2369-8379","10eb789a-1f89-4dd8-838a-390e3cb53b93",
"7f1233ef-03cf-42e6-b350-8b5d84c2bd4b","HARV_038.basePlot.vst","2022-08-10","vst_HARV_2022","D01","HARV","HARV_038","39_400","NEON.PLA.D01.HARV.05730","1","ok","single bole tree","Live, insect damaged",14.8,130,"noChange",11.6,,,,5.6,5.2,"Mostly shaded",,,,,,,,,,,,,,"Hemlock woolly adelgid crown damage.","0000-0003-1933-3182","0000-0003-2369-8379","6d456695-d7ae-4065-b924-20bccb56eed7",
"d82364a1-2b41-46bf-bd39-ffd2b4ca62b3","HARV_038.basePlot.vst","2022-08-10","vst_HARV_2022","D01","HARV","HARV_038","23_400","NEON.PLA.D01.HARV.05758","1","ok","multi-bole tree","Live, physically damaged",31.6,130,"noChange",22.1,,,,10.5,8.0,"Full sun",,,,,,,,,,,,,,"Scarring on bole; unknown cause","0000-0003-1933-3182","0000-0003-2369-8379","5cc59153-0cde-4eb2-9c7a-60405cf3be7c",
"20b5821f-aa77-4970-a038-8f1a8d7340f0","HARV_038.basePlot.vst","2022-08-10","vst_HARV_2022","D01","HARV","HARV_038","39_400","NEON.PLA.D01.HARV.05727","1","ok","single bole tree","Live, insect damaged",44.5,130,"noChange",15.3,,,,10.3,8.4,"Mostly shaded",,,,,,,,,,,,,,"Hemlock woolly adelgid crown damage.","0000-0003-1933-3182","0000-0003-2369-8379","c7816521-5fc4-4c8b-be52-43609f5866e5",
"043fb781-26d6-4779-9f87-1a82254eeb54","HARV_038.basePlot.vst","2022-08-10","vst_HARV_2022","D01","HARV","HARV_038","39_400","NEON.PLA.D01.HARV.05724","1","ok","single bole tree","Live",24.9,130,"noChange",19.9,,,,5.3,3.8,"Partially shaded",,,,,,,,,,,,,,,"0000-0003-1933-3182","0000-0003-2369-8379","70e039fe-7127-48d3-9527-afeaf0ea1a7b",
"27a7f47f-f6f0-473c-a325-053857520559","HARV_038.basePlot.vst","2022-08-10","vst_HARV_2022","D01","HARV","HARV_038","23_400","NEON.PLA.D01.HARV.05774","1","ok","single bole tree","Live",18.2,130,"noChange",16.9,,,,6.2,5.6,"Mostly shaded",,,,,,,,,,,,,,,"0000-0003-1933-3182","0000-0003-2369-8379","dc5d8d10-51f2-4f9d-b3aa-d045cbd913cc",
"28687a9e-4831-4c80-b553-f3fd6aef241d","HARV_038.basePlot.vst","2022-08-10","vst_HARV_2022","D01","HARV","HARV_038","23_400","NEON.PLA.D01.HARV.05752","1","ok","single bole tree","Live",41.0,130,"noChange",26.8,,,,5.8,4.1,"Full sun",,,,,,,,,,,,,,"Other Damage; Branch damage","0000-0003-1933-3182","0000-0003-2369-8379","534e3fd5-8dbb-43b9-a37f-85031060d90b",
"248be5f1-48f1-46f0-b4bc-c135652390ef","HARV_038.basePlot.vst","2022-08-10","vst_HARV_2022","D01","HARV","HARV_038","23_400","NEON.PLA.D01.HARV.05766","1","ok","single bole tree","Live, physically damaged",15.4,130,"noChange",13.9,,,,10.1,3.8,"Mostly shaded",,,,,,,,,,,,,,"Unknown cause of scars on bole. One minor scar from nail. Nail replaced with wire.","0000-0003-1933-3182","0000-0003-2369-8379","2566ccd8-61d5-4f16-818a-505e88dcbf78",
"e4e44371-bf9e-4869-b7bf-9b412114a54d","HARV_038.basePlot.vst","2022-08-10","vst_HARV_2022","D01","HARV","HARV_038","24_100","NEON.PLA.D01.HARV.04499","1","ok","small tree","Standing dead",9.5,130,"noChange",6.1,,,,3.9,2.2,"Mostly shaded",,,,,,,,,,,,,,"Dead; Unknown cause of death","0000-0003-1933-3182","0000-0003-2369-8379","8590112b-6937-48db-9357-2156999d1d44",
"a4030d0f-e6fb-445b-978e-8c1e7c927b28","HARV_038.basePlot.vst","2022-08-10","vst_HARV_2022","D01","HARV","HARV_038","33_100","NEON.PLA.D01.HARV.04472","1","ok","small tree","Live",5.8,130,"noChange",5.7,,,,3.5,3.0,"Mostly shaded",,,,,,,,,,,,,,"Hemlock Woolly adelgid crown damage","0000-0003-1933-3182","0000-0003-2369-8379","fd409638-9eb3-4381-ac74-13e0703be191",
"4ed7dfb9-4e30-4db7-8de8-451ea0022a08","HARV_038.basePlot.vst","2022-08-10","vst_HARV_2022","D01","HARV","HARV_038","39_400","NEON.PLA.D01.HARV.10616","1","ok","single bole tree","Dead, broken bole",13.6,130,"noChange",10.1,,8.0,3.5,,,"Mostly shaded",,,,,,,,,,,,,,"Unknown cause of death and break.","0000-0003-1933-3182","0000-0003-2369-8379","7057e2be-7ed3-45b7-a28b-692210e58760",
"6a25c368-834c-4ca2-92e7-8e13efb721b8","HARV_038.basePlot.vst","2022-08-10","vst_HARV_2022","D01","HARV","HARV_038","24_100","NEON.PLA.D01.HARV.04493","1","ok","small tree","Live",3.8,130,"noChange",5.9,,,,4.2,2.1,"Partially shaded",,,,,,,,,,,,,,"Live; Trace insect damage; took highest height we could","0000-0003-1933-3182","0000-0003-2369-8379","1ad72f42-f2f1-4ce4-abe4-9fb72db532b6",
"57c4b838-b319-46a6-a103-a23214c30002","HARV_038.basePlot.vst","2022-08-10","vst_HARV_2022","D01","HARV","HARV_038","24_100","NEON.PLA.D01.HARV.04500","1","ok","small tree","Live",2.7,130,"noChange",3.0,,,,1.9,1.7,"Mostly shaded",,,,,,,,,,,,,,"Hemlock woolly adelgid crown damage","0000-0003-1933-3182","0000-0003-2369-8379","ffa2323f-b2d4-4a8f-88e7-15df24a97b8f",
"ce537082-8a18-4707-af44-ecdc9ca5f7d9","HARV_038.basePlot.vst","2022-08-10","vst_HARV_2022","D01","HARV","HARV_038","24_100","NEON.PLA.D01.HARV.04485","1","ok","small tree","Live",2.5,130,"noChange",2.5,,,,1.6,1.0,"Mostly shaded",,,,,,,,,,,,,,"Live; Trace insect damage","0000-0003-1933-3182","0000-0003-2369-8379","1eb40247-eacb-446d-98c6-367de1b4b2be",
"19c0f155-a33a-4fc7-a076-0d76c61c6915","HARV_038.basePlot.vst","2022-08-10","vst_HARV_2022","D01","HARV","HARV_038","33_100","NEON.PLA.D01.HARV.04186","2","ok","small tree","Live",1.6,130,"noChange",,,,,,,,,,,,,,,,,,,,,"Insect Damage; Crown damage hemlock woolly adelgid","0000-0003-1933-3182","0000-0003-2369-8379","c0a88c79-65c5-440b-bd0a-43bc7463cb58",
"c8794a2c-822e-4b36-ae87-05f64ac0353c","HARV_038.basePlot.vst","2022-08-10","vst_HARV_2022","D01","HARV","HARV_038","39_400","NEON.PLA.D01.HARV.11696","1","ok","single bole tree","Live, insect damaged",22.8,130,"noChange",14.3,,,,8.1,8.0,"Partially shaded",,,,,,,,,,,,,,"Hemlock woolly adelgid crown damage.","0000-0003-1933-3182","0000-0003-2369-8379","833d05bb-235d-430f-ad56-5eba884c064a",
"49dc722a-dfe1-483d-aa54-4aa80b0d2303","HARV_038.basePlot.vst","2022-08-10","vst_HARV_2022","D01","HARV","HARV_038","39_400","NEON.PLA.D01.HARV.10213","1","ok","single bole tree","Dead, broken bole",15.2,130,"noChange",7.0,,7.0,12.0,,,"Mostly shaded",,,,,,,,,,,,,,"Bole hollow and covered with fungi. Break due to decay. Unknown cause of death. Break nearly complete; only bark still attached. Crown suspended in another tree.","0000-0003-1933-3182","0000-0003-2369-8379","7f35d335-3f00-47d6-bd1f-ddf5b60d8421",
"361556fb-8c7e-4cb2-9551-5ddf99dcf234","HARV_038.basePlot.vst","2022-08-10","vst_HARV_2022","D01","HARV","HARV_038","23_400","NEON.PLA.D01.HARV.05756","1","ok","single bole tree","Live",21.0,130,"noChange",21.0,,,,5.6,2.9,"Mostly shaded",,,,,,,,,,,,,,"Unknown","0000-0003-1933-3182","0000-0003-2369-8379","f99d526f-8c4e-4406-9cf8-7daa6abe63db",
"f29249ee-483c-4cb6-b079-c65ae2aa84cd","HARV_038.basePlot.vst","2022-08-10","vst_HARV_2022","D01","HARV","HARV_038","39_400","NEON.PLA.D01.HARV.11669","1","ok","single bole tree","Live",44.5,130,"noChange",22.1,,,,10.3,7.6,"Full sun",,,,,,,,,,,,,,,"0000-0003-1933-3182","0000-0003-2369-8379","6a53aec0-daf1-4551-9ce6-4db008421ac9",
"0752da13-e130-46d5-b1c3-31390eab7015","HARV_038.basePlot.vst","2022-08-10","vst_HARV_2022","D01","HARV","HARV_038","24_100","NEON.PLA.D01.HARV.04200","1","ok","small tree","Live",9.1,130,"noChange",10.4,,,,4.7,4.3,"Mostly shaded",,,,,,,,,,,,,,,"0000-0003-1933-3182","0000-0003-2369-8379","a6ad6c6c-40c1-41ba-9941-fe4efee4ab59",
"1b81fbb5-991d-425b-ba07-7b9075638c21","HARV_038.basePlot.vst","2022-08-10","vst_HARV_2022","D01","HARV","HARV_038","33_100","NEON.PLA.D01.HARV.09702","1","ok","small tree","Standing dead",1.6,130,"noChange",2.1,,,,1.7,1.3,"Mostly shaded",,,,,,,,,,,,,,"Double checked height and diameter; hemlock woolly adelgid crown damage","0000-0003-1933-3182","0000-0003-2369-8379","24fe2694-12e7-468d-9383-1b861d2faefe",
"6e2d2c81-ffec-496e-9614-a66cd27684d5","HARV_038.basePlot.vst","2022-08-10","vst_HARV_2022","D01","HARV","HARV_038","39_400","NEON.PLA.D01.HARV.04146A","3","ok","multi-bole tree","Live",27.1,110,"noChange",,,,,,,,,,,,,,,,,,,,,,"0000-0003-1933-3182","0000-0003-2369-8379","b03ca4c7-8a41-41fe-a34a-7f0f3fab3c96",
"d8e44a4d-893d-4fbf-b44d-747a869a6b43","HARV_038.basePlot.vst","2022-08-10","vst_HARV_2022","D01","HARV","HARV_038","39_400","NEON.PLA.D01.HARV.05721","1","ok","single bole tree","Live",34.0,130,"noChange",21.4,,,,8.3,6.6,"Full sun",,,,,,,,,,,,,,,"0000-0003-1933-3182","0000-0003-2369-8379","998e035c-0415-4aa7-9bf3-4356f45e9fa1",
"eac29ab2-ee7f-41ab-8d2e-8bd5e2c2875f","HARV_038.basePlot.vst","2022-08-10","vst_HARV_2022","D01","HARV","HARV_038","33_100","NEON.PLA.D01.HARV.09896","1","ok","sapling","Standing dead",,,"noChange",0.6,,,,,,"Full shade",,1.0,10,,,,,,,,,,,"Hemlock Woolly adelgid","0000-0003-1933-3182","0000-0003-2369-8379","2edf77ec-8e3c-4697-b75c-5ffa4aa9cbdc",
"2caf999a-9831-4d62-b588-cd52a421364d","HARV_038.basePlot.vst","2022-08-10","vst_HARV_2022","D01","HARV","HARV_038","33_100","NEON.PLA.D01.HARV.04186","1","ok","small tree","Live",2.5,130,"noChange",3.6,,,,3.2,2.3,"Full shade",,,,,,,,,,,,,,"Insect Damage; Crown damage hemlock woolly Adelgid","0000-0003-1933-3182","0000-0003-2369-8379","978bea8e-ba3e-4041-8a26-189b191b8c1c",
"08966c98-5855-4045-b495-3cc4dbf98a76","HARV_038.basePlot.vst","2022-08-10","vst_HARV_2022","D01","HARV","HARV_038","48_100","NEON.PLA.D01.HARV.04444","1","ok","small tree","Standing dead",5.9,130,"noChange",5.0,,,,2.8,2.7,"Mostly shaded",,,,,,,,,,,,,,"Death possibly caused by hemlock woolly adelgid.","0000-0003-1933-3182","0000-0003-2369-8379","5b22f209-e7c9-418c-a193-56c08a32e32c",
"85f8477d-e637-48b8-8fbf-d83595342033","HARV_038.basePlot.vst","2022-08-10","vst_HARV_2022","D01","HARV","HARV_038","33_100","NEON.PLA.D01.HARV.04188","1","ok","sapling","Standing dead",,,"noChange",1.3,,,,,,"Full shade",,1.9,10,,,,,,,,,,,"Hemlock Woolly adelgid","0000-0003-1933-3182","0000-0003-2369-8379","dcd6c5a2-f615-46a7-9374-e69c12a623e3",
"48cf192b-fbff-4fcf-a342-660c13fcf06e","HARV_038.basePlot.vst","2022-08-10","vst_HARV_2022","D01","HARV","HARV_038","23_400","NEON.PLA.D01.HARV.05744","1","ok","single bole tree","Standing dead",40.1,130,"noChange",26.6,,,,7.9,6.7,"Full sun",,,,,,,,,,,,,,"Dead; Unknown cause of death","0000-0003-1933-3182","0000-0003-2369-8379","6aacd587-4d8e-4b50-a2f1-48801237146c",
"47281a21-aab7-48d7-8130-1f27bd292d0f","HARV_038.basePlot.vst","2022-08-10","vst_HARV_2022","D01","HARV","HARV_038","23_400","NEON.PLA.D01.HARV.05748","1","ok","single bole tree","Live, physically damaged",18.9,130,"noChange",19.0,,,,5.0,4.4,"Partially shaded",,,,,,,,,,,,,,"Live","0000-0003-1933-3182","0000-0003-2369-8379","038c23c8-5556-46aa-b1c3-a4b338a7fc28",
"b99cf08a-4531-49a0-a74c-9cf608a375a0","HARV_038.basePlot.vst","2022-08-10","vst_HARV_2022","D01","HARV","HARV_038","23_400","NEON.PLA.D01.HARV.05743","1","ok","single bole tree","Live",17.4,130,"noChange",17.2,,,,7.5,4.9,"Partially shaded",,,,,,,,,,,,,,"No visible damage","0000-0003-1933-3182","0000-0003-2369-8379","f2f16d56-fb18-4276-9a4a-ab49a4989e96",
"70197172-d15d-4696-ba22-4054ab13cc52","HARV_038.basePlot.vst","2022-08-10","vst_HARV_2022","D01","HARV","HARV_038","23_400","NEON.PLA.D01.HARV.05745","1","ok","single bole tree","Dead, broken bole",24.2,130,"noChange",15.1,,15.1,12.0,,,"Partially shaded",,,,,,,,,,,,,,"Dead; Unknown cause of death","0000-0003-1933-3182","0000-0003-2369-8379","685c7bef-1f5a-4f6c-862c-6bc4a137f9f0",
"5beae826-e6c5-42e7-8a29-c60188f59a1f","HARV_038.basePlot.vst","2022-08-10","vst_HARV_2022","D01","HARV","HARV_038","39_400","NEON.PLA.D01.HARV.05722","1","ok","single bole tree","Live, insect damaged",28.2,130,"noChange",12.4,,,,7.4,5.9,"Partially shaded",,,,,,,,,,,,,,"Hemlock woolly adelgid crown damage.","0000-0003-1933-3182","0000-0003-2369-8379","a64fb09c-ef20-47a7-acc0-eba319e6fe44",
"c1d932de-92bc-4d3c-bbb1-4dead4db4b1a","HARV_038.basePlot.vst","2022-08-10","vst_HARV_2022","D01","HARV","HARV_038","33_100","NEON.PLA.D01.HARV.04477","1","ok","small tree","Live",3.2,130,"noChange",4.1,,,,2.7,2.5,"Mostly shaded",,,,,,,,,,,,,,"Hemlock Woolly adelgid","0000-0003-1933-3182","0000-0003-2369-8379","187e715b-6d58-4701-8c45-839d706325de",
"a5105dd1-93ac-41f0-9308-3292c7efcd53","HARV_038.basePlot.vst","2022-08-10","vst_HARV_2022","D01","HARV","HARV_038","23_400","NEON.PLA.D01.HARV.05755B","3","ok","multi-bole tree","Live",32.0,130,"noChange",,,,,,,,,,,,,,,,,,,,,"Diameter double checked","0000-0003-1933-3182","0000-0003-2369-8379","68c2c6f6-77a4-4f3f-a6cc-16ea5653f1fe",
"4a86f245-a867-4f96-bdd9-5167afc86eed","HARV_038.basePlot.vst","2022-08-10","vst_HARV_2022","D01","HARV","HARV_038","23_400","NEON.PLA.D01.HARV.05750","1","ok","single bole tree","Standing dead",16.0,130,"noChange",13.3,,,,1.3,0.0,"Mostly shaded",,,,,,,,,,,,,,"Dead; Unknown cause of death","0000-0003-1933-3182","0000-0003-2369-8379","32c8d943-4be8-4363-9646-ad7a23c3544f",
"0318f40b-8dc4-4c7b-8bcd-214d231a7794","HARV_038.basePlot.vst","2022-08-10","vst_HARV_2022","D01","HARV","HARV_038","23_400","NEON.PLA.D01.HARV.05772","1","ok","single bole tree","Standing dead",35.9,130,"noChange",27.8,,,,3.9,3.8,"Full sun",,,,,,,,,,,,,,"Bark peeling. Death possibly caused by unsuitable conditions for species.","0000-0003-1933-3182","0000-0003-2369-8379","e99a8620-039e-46e6-bf2f-a8649106b6e4",
"bfcd4d18-c096-43d7-b485-8e19ac80344f","HARV_038.basePlot.vst","2022-08-10","vst_HARV_2022","D01","HARV","HARV_038","23_400","NEON.PLA.D01.HARV.05757","1","ok","single bole tree","Live",27.3,130,"noChange",22.6,,,,7.2,5.3,"Partially shaded",,,,,,,,,,,,,,,"0000-0003-1933-3182","0000-0003-2369-8379","5a8dcd31-ee8d-4cf0-a29a-eaa98f3bb582",
"d9ba2c25-ad6b-4cb7-a0a4-4cd1ce5bec8e","HARV_038.basePlot.vst","2022-08-10","vst_HARV_2022","D01","HARV","HARV_038","23_400","NEON.PLA.D01.HARV.10822","1","ok","single bole tree","Live, insect damaged",13.8,130,"noChange",10.7,,,,5.4,4.0,"Mostly shaded",,,,,,,,,,,,,,"Hemlock woolly adelgid crown damage.","0000-0003-1933-3182","0000-0003-2369-8379","9b79d240-bd87-40fa-b4c7-d7865b728c97",
"f70adc0a-fe8b-4810-b60a-7a5015956774","HARV_038.basePlot.vst","2022-08-10","vst_HARV_2022","D01","HARV","HARV_038","48_100","NEON.PLA.D01.HARV.04441","1","ok","small tree","Dead, broken bole",8.8,125,"noChange",4.2,,4.2,5.0,,,"Full shade",,,,,,,,,,,,,,"Unknown cause of death and break. Bark peeling.","0000-0003-1933-3182","0000-0003-2369-8379","5a50bb0a-9496-4d9b-8d33-7c7ad9f181ee",
"88240e5c-bd5d-4327-ba42-2ab76f382e73","HARV_038.basePlot.vst","2022-08-10","vst_HARV_2022","D01","HARV","HARV_038","39_400","NEON.PLA.D01.HARV.05720","1","ok","single bole tree","Live, insect damaged",25.1,139,"noChange",12.9,,,,8.3,7.0,"Mostly shaded",,,,,,,,,,,,,,"Hemlock woolly adelgid crown damage. Flaking bark.","0000-0003-1933-3182","0000-0003-2369-8379","a57950d7-f5c7-4d31-a4c9-5d4a2cfe3a87",
"4378cfe5-cbbf-4c74-8197-c649fb212f7e","HARV_038.basePlot.vst","2022-08-10","vst_HARV_2022","D01","HARV","HARV_038","39_400","NEON.PLA.D01.HARV.05713","1","ok","single bole tree","Live",20.6,130,"noChange",16.4,,,,5.5,3.5,"Mostly shaded",,,,,,,,,,,,,,,"0000-0003-1933-3182","0000-0003-2369-8379","a623022d-a2d5-42e9-a3ad-aa93c9e60467",
"d55317ed-5cbd-412c-b00d-69821d50e5c4","HARV_038.basePlot.vst","2022-08-10","vst_HARV_2022","D01","HARV","HARV_038","24_100","NEON.PLA.D01.HARV.04198","1","ok","small tree","Live",6.2,125,"noChange",9.8,,,,4.7,4.2,"Mostly shaded",,,,,,,,,,,,,,,"0000-0003-1933-3182","0000-0003-2369-8379","4325085c-a14b-4509-bedc-b05618fb60f5",
"35939f35-611b-4658-b3e7-85ae594e11dd","HARV_038.basePlot.vst","2022-08-10","vst_HARV_2022","D01","HARV","HARV_038","24_100","NEON.PLA.D01.HARV.04498","1","ok","small tree","Live",9.3,130,"noChange",10.1,,,,4.4,4.4,"Partially shaded",,,,,,,,,,,,,,"Live; Trace insect damage","0000-0003-1933-3182","0000-0003-2369-8379","3725e94b-2312-4526-872f-dc3a58bbd7b5",
"3d255abf-202c-4dcd-9589-ede1ec182e75","HARV_038.basePlot.vst","2022-08-10","vst_HARV_2022","D01","HARV","HARV_038","39_400","NEON.PLA.D01.HARV.05701","1","ok","single bole tree","Live, insect damaged",12.2,130,"noChange",7.4,,,,4.6,4.5,"Mostly shaded",,,,,,,,,,,,,,"Severe hemlock woolly adelgid crown damage.","0000-0003-1933-3182","0000-0003-2369-8379","d0d097c1-c2d5-42f2-9663-a9d63b984551",
"21d2024a-811d-43d3-85a6-5c78bb7804fc","HARV_038.basePlot.vst","2022-08-10","vst_HARV_2022","D01","HARV","HARV_038","24_100","NEON.PLA.D01.HARV.04484","1","ok","small tree","Live",2.3,140,"noChange",2.6,,,,2.8,2.5,"Mostly shaded",,,,,,,,,,,,,,"Live; Trace insect damage; hemlock woolly adelgid","0000-0003-1933-3182","0000-0003-2369-8379","92849478-2aa2-48da-9d4b-2ed0280993b1",
"51f7167e-4bca-47d1-aded-0dc8c5f7a486","HARV_038.basePlot.vst","2022-08-10","vst_HARV_2022","D01","HARV","HARV_038","39_400","NEON.PLA.D01.HARV.04146B","2","ok","multi-bole tree","Live",16.3,125,"noChange",,,,,,,,,,,,,,,,,,,,,,"0000-0003-1933-3182","0000-0003-2369-8379","f8418a11-bb25-4802-adf1-92f922b6fcc1",
"b7f61ada-a983-462d-bce0-97411920df5c","HARV_038.basePlot.vst","2022-08-10","vst_HARV_2022","D01","HARV","HARV_038","24_100","NEON.PLA.D01.HARV.04492","1","ok","small tree","Live",3.6,130,"noChange",5.8,,,,3.8,2.2,"Partially shaded",,,,,,,,,,,,,,"Live; Trace insect damage","0000-0003-1933-3182","0000-0003-2369-8379","145bc4de-e18c-4051-a7f5-07cba2623aaf",
"2d111b45-853c-4a90-a3a3-dc0edb775fa3","HARV_038.basePlot.vst","2022-08-10","vst_HARV_2022","D01","HARV","HARV_038","39_400","NEON.PLA.D01.HARV.05705","1","ok","single bole tree","Live, disease damaged",10.1,130,"noChange",14.4,,,,3.2,1.9,"Mostly shaded",,,,,,,,,,,,,,"Main bole is dead. Live root shoots browsed by deer and too small to qualify as separate stems. Unknown cause of death in main bole.","0000-0003-1933-3182","0000-0003-2369-8379","a50fd729-a765-442b-abbd-ca10ab854615",
"224e5fd7-a143-44a1-ba83-64f7de7f75ff","HARV_038.basePlot.vst","2022-08-10","vst_HARV_2022","D01","HARV","HARV_038","23_400","NEON.PLA.D01.HARV.05755","1","ok","multi-bole tree","Live",34.3,130,"noChange",22.9,,,,15.0,11.9,"Full sun",,,,,,,,,,,,,,,"0000-0003-1933-3182","0000-0003-2369-8379","07d0e7e4-73b3-4202-8adb-18aebbd1568c",
"7326565b-ae71-458e-9e10-a90f23998eec","HARV_038.basePlot.vst","2022-08-10","vst_HARV_2022","D01","HARV","HARV_038","23_400","NEON.PLA.D01.HARV.05776A","2","ok","multi-bole tree","Live",17.7,130,"noChange",,,,,,,,,,,,,,,,,,,,,,"0000-0003-1933-3182","0000-0003-2369-8379","10899763-259d-42e6-87cc-0164fd294ba0",
"3b6570ab-2ed5-42c9-858e-9a84a8c56b88","HARV_038.basePlot.vst","2022-08-10","vst_HARV_2022","D01","HARV","HARV_038","39_100","NEON.PLA.D01.HARV.04166","1","ok","sapling","Standing dead",,,"noChange",1.7,,,,,,"Full shade",,2.1,10,,,,,,,,,,,"Death possibly caused by hemlock woolly adelgid.","0000-0003-1933-3182","0000-0003-2369-8379","544972da-d4bf-4076-a7a5-8cdc624edc34",
"431cc57a-2206-48f3-adef-c80ddd93b19e","HARV_038.basePlot.vst","2022-08-10","vst_HARV_2022","D01","HARV","HARV_038","39_400","NEON.PLA.D01.HARV.05732","1","ok","single bole tree","Live, physically damaged",24.7,130,"noChange",19.2,,,,8.3,3.7,"Partially shaded",,,,,,,,,,,,,,"Unknown cause of scarring on bole. Bark peeling.","0000-0003-1933-3182","0000-0003-2369-8379","ef514723-5b77-4e82-a29f-fcfd38ec62cf",
"d00a6ae7-27fa-4e3c-905f-afe68158d96a","HARV_038.basePlot.vst","2022-08-10","vst_HARV_2022","D01","HARV","HARV_038","23_400","NEON.PLA.D01.HARV.05754","1","ok","single bole tree","Live",11.9,130,"noChange",14.9,,,,7.5,7.0,"Partially shaded",,,,,,,,,,,,,,"Double checked diameter","0000-0003-1933-3182","0000-0003-2369-8379","669e0092-8481-4fbf-9c0d-abe7a68ecf5d",
"3c19a2ce-4ab4-40d4-b288-3a9f23e58e43","HARV_038.basePlot.vst","2022-08-10","vst_HARV_2022","D01","HARV","HARV_038","33_100","NEON.PLA.D01.HARV.04471","1","ok","small tree","Live",7.2,130,"noChange",8.5,,,,5.6,4.1,"Partially shaded",,,,,,,,,,,,,,,"0000-0003-1933-3182","0000-0003-2369-8379","de87119e-cc72-4041-971d-80cfb91c55f6",
"6db20036-8cb2-451d-99be-842689f8b8c7","HARV_038.basePlot.vst","2022-08-10","vst_HARV_2022","D01","HARV","HARV_038","24_100","NEON.PLA.D01.HARV.04487","1","ok","small tree","Dead, broken bole",1.1,130,"noChange",2.0,,2.0,0.9,,,"Full shade",,,,,,,,,,,,,,"Dead; Unknown cause of death","0000-0003-1933-3182","0000-0003-2369-8379","a0b02fff-a9c3-4702-a0b6-6517f58c8460",
"ed2d95f0-19cb-4a86-a194-66c86677c4a7","HARV_038.basePlot.vst","2022-08-10","vst_HARV_2022","D01","HARV","HARV_038","23_400","NEON.PLA.D01.HARV.05776","1","ok","multi-bole tree","Live",38.1,130,"noChange",22.8,,,,7.7,4.7,"Full sun",,,,,,,,,,,,,,,"0000-0003-1933-3182","0000-0003-2369-8379","89291b99-318c-43df-9c9b-ffd4b1af8b69",
"d67aabaf-2fc5-4e18-aa39-23616df74b68","HARV_038.basePlot.vst","2022-08-10","vst_HARV_2022","D01","HARV","HARV_038","39_400","NEON.PLA.D01.HARV.04145","1",,,"Downed",,,"noChange",,,,,,,,,,,,,,,,,,,,,"Now may be measured as part of the coarse downed wood protocol.","0000-0003-1933-3182","0000-0003-2369-8379","b07b1312-5cad-4dfd-8829-40a8851ebed3",
"c7a56093-9509-4bb7-b7cd-0e3cc290a908","HARV_038.basePlot.vst","2022-08-10","vst_HARV_2022","D01","HARV","HARV_038","33_100","NEON.PLA.D01.HARV.04479","1","ok","small tree","Live, insect damaged",2.2,130,"noChange",2.7,,,,2.8,2.3,"Mostly shaded",,,,,,,,,,,,,,"Hemlock woolly adelgid crown damage","0000-0003-1933-3182","0000-0003-2369-8379","b2e70031-4b32-46a4-bc7a-bf8a9d9f791c",
"8e1cd7a6-7fba-4c12-b88e-eebc48af92a1","HARV_038.basePlot.vst","2022-08-10","vst_HARV_2022","D01","HARV","HARV_038","39_400","NEON.PLA.D01.HARV.05726","1","ok","single bole tree","Live, physically damaged",36.3,130,"noChange",20.8,,,,4.6,4.3,"Partially shaded",,,,,,,,,,,,,,"Large irregularities on bole possibly from lightning strike scarring. High winds during height measurement.","0000-0003-1933-3182","0000-0003-2369-8379","3672549f-d1c0-4031-8619-b865279f5f9c",
"21ac947e-0840-4935-835d-cc7199a5043c","HARV_038.basePlot.vst","2022-08-10","vst_HARV_2022","D01","HARV","HARV_038","24_100","NEON.PLA.D01.HARV.04489","1","ok","small tree","Live",2.9,130,"noChange",4.6,,,,3.0,0.7,"Mostly shaded",,,,,,,,,,,,,,"Live; Trace insect damage","0000-0003-1933-3182","0000-0003-2369-8379","c1dea861-60e7-424d-99ea-27cb1182b532",
"b430597d-9960-4651-bf14-1d0c52e794a2","HARV_038.basePlot.vst","2022-08-10","vst_HARV_2022","D01","HARV","HARV_038","33_100","NEON.PLA.D01.HARV.04468","1","ok","small tree","Live",6.2,130,"noChange",9.2,,,,5.5,4.4,"Partially shaded",,,,,,,,,,,,,,,"0000-0003-1933-3182","0000-0003-2369-8379","ac74c2ab-9054-42cf-81ff-28d6a588084a",
"325f0950-6063-41b9-8b8f-b5a236ea93ea","HARV_038.basePlot.vst","2022-08-10","vst_HARV_2022","D01","HARV","HARV_038","23_400","NEON.PLA.D01.HARV.10823","1","ok","single bole tree","Live, insect damaged",12.0,120,"noChange",8.4,,,,6.8,5.9,"Mostly shaded",,,,,,,,,,,,,,"Hemlock woolly adelgid crown damage.","0000-0003-1933-3182","0000-0003-2369-8379","44a5fe20-1d27-4ce9-bfac-6235b5189805",
"085aa327-b789-4e81-8986-70bf6320634b","HARV_038.basePlot.vst","2022-08-10","vst_HARV_2022","D01","HARV","HARV_038","39_100","NEON.PLA.D01.HARV.04438","1","ok","small tree","Live, insect damaged",3.5,130,"noChange",3.2,,,,2.6,2.5,"Full shade",,,,,,,,,,,,,,"Hemlock woolly adelgid crown damage.","0000-0003-1933-3182","0000-0003-2369-8379","514ead9e-eac0-4792-bba5-052e76983f13",
"885b59f6-c59a-47f7-a61f-ae41c3f6aed7","HARV_038.basePlot.vst","2022-08-10","vst_HARV_2022","D01","HARV","HARV_038","23_400","NEON.PLA.D01.HARV.05738","1","ok","single bole tree","Standing dead",30.3,130,"noChange",27.3,,,,3.4,2.1,"Partially shaded",,,,,,,,,,,,,,"Dead due to unsuitable habitat. Some herbivory evident","0000-0003-1933-3182","0000-0003-2369-8379","86d6c346-58f0-40f5-85a3-a2c5db25642d",
"6a4ae9d2-ef86-47e1-ba5a-f144f8e9bc15","HARV_038.basePlot.vst","2022-08-10","vst_HARV_2022","D01","HARV","HARV_038","39_400","NEON.PLA.D01.HARV.05712","1","ok","single bole tree","Live",38.7,130,"noChange",21.1,,,,8.3,7.3,"Full sun",,,,,,,,,,,,,,,"0000-0003-1933-3182","0000-0003-2369-8379","aab9e48c-bcdb-4f38-85cb-f0d9e2eb38eb",
"54aae3d4-a920-4ea5-8370-57dbbada4527","HARV_038.basePlot.vst","2022-08-10","vst_HARV_2022","D01","HARV","HARV_038","39_400","NEON.PLA.D01.HARV.05731A","1","ok","multi-bole tree","Live, insect damaged",12.9,130,"noChange",8.7,,,,6.5,5.3,"Mostly shaded",,,,,,,,,,,,,,"Hemlock woolly adelgid crown damage.","0000-0003-1933-3182","0000-0003-2369-8379","c9423060-42fc-47e1-bfcd-a740428ea616",
"d0ec08fd-ce27-48ff-aefa-f32617c91b1c","HARV_038.basePlot.vst","2022-08-10","vst_HARV_2022","D01","HARV","HARV_038","24_100","NEON.PLA.D01.HARV.04195","1","ok","small tree","Live",5.6,130,"noChange",6.8,,,,3.8,3.8,"Mostly shaded",,,,,,,,,,,,,,"Minor Insect damage on canopy","0000-0003-1933-3182","0000-0003-2369-8379","9cc9e470-a6d7-4d60-a19f-7eaf69fd8c02",
"8e372607-fd32-485d-82f3-7034fe79e183","HARV_038.basePlot.vst","2022-08-10","vst_HARV_2022","D01","HARV","HARV_038","24_100","NEON.PLA.D01.HARV.04494","1","ok","small tree","Live",1.6,130,"noChange",2.7,,,,2.8,1.7,"Mostly shaded",,,,,,,,,,,,,,"Live; Trace foliar damage| Live; Trace insect damage","0000-0003-1933-3182","0000-0003-2369-8379","43daed2e-ceba-4f8c-8b29-320e231ad1c7",
"f69f799f-7cc6-454c-bb4a-8bc4d6371f4b","HARV_038.basePlot.vst","2022-08-10","vst_HARV_2022","D01","HARV","HARV_038","24_100","NEON.PLA.D01.HARV.04497","1","ok","small tree","Live",2.0,130,"noChange",2.7,,,,2.2,1.9,"Partially shaded",,,,,,,,,,,,,,"Live; Trace insect damage hemlock woolly adelgid","0000-0003-1933-3182","0000-0003-2369-8379","aa1dd395-ab69-402b-914a-fbab58db6e13",
"b82c989f-ab41-42be-a288-57a1abe09f6d","HARV_038.basePlot.vst","2022-08-10","vst_HARV_2022","D01","HARV","HARV_038","39_400","NEON.PLA.D01.HARV.05710","1","ok","single bole tree","Live",22.6,130,"noChange",20.9,,,,4.5,4.1,"Partially shaded",,,,,,,,,,,,,,,"0000-0003-1933-3182","0000-0003-2369-8379","709f9d43-658a-4a44-b45e-088393f6005f",
"be5b26f9-d880-45d5-a077-9b6d9e73f018","HARV_038.basePlot.vst","2022-08-10","vst_HARV_2022","D01","HARV","HARV_038","33_100","NEON.PLA.D01.HARV.04478","1","ok","small tree","Live",9.5,130,"noChange",8.6,,,,5.8,5.3,"Mostly shaded",,,,,,,,,,,,,,"Hemlock woolly adelgid crown damage","0000-0003-1933-3182","0000-0003-2369-8379","998bc578-25c7-45b8-bc8c-278c3933148a",
"46f98d39-3d54-4de1-a253-db41355f4358","HARV_038.basePlot.vst","2022-08-10","vst_HARV_2022","D01","HARV","HARV_038","39_400","NEON.PLA.D01.HARV.05734","1","ok","single bole tree","Live, insect damaged",30.0,130,"noChange",15.3,,,,9.4,7.5,"Mostly shaded",,,,,,,,,,,,,,"Hemlock woolly adelgid crown damage.","0000-0003-1933-3182","0000-0003-2369-8379","97056115-ab11-45df-8774-f7941add22b5",
"b266f76b-1d84-46fa-b518-8328cbcd22a7","HARV_038.basePlot.vst","2022-08-10","vst_HARV_2022","D01","HARV","HARV_038","39_400","NEON.PLA.D01.HARV.05716","1","ok","single bole tree","Dead, broken bole",12.5,130,"noChange",2.5,,2.5,10.0,,,"Full shade",,,,,,,,,,,,,,"Death and break possibly from scarring and fungal growth on bole.","0000-0003-1933-3182","0000-0003-2369-8379","89d324f3-e67a-46c9-b11a-4c104ebe38b8",
"15916cc0-926e-4d8a-9d32-891415959d69","HARV_038.basePlot.vst","2022-08-10","vst_HARV_2022","D01","HARV","HARV_038","23_400","NEON.PLA.D01.HARV.05762","1","ok","single bole tree","Live",19.0,130,"noChange",18.5,,,,6.1,4.1,"Partially shaded",,,,,,,,,,,,,,,"0000-0003-1933-3182","0000-0003-2369-8379","63a7fcf0-243a-4497-bc93-2499dafda56c",
"cb67a28f-4e11-4631-b5ba-0d2e900394f3","HARV_038.basePlot.vst","2022-08-10","vst_HARV_2022","D01","HARV","HARV_038","23_400","NEON.PLA.D01.HARV.04469","1","ok","single bole tree","Live",10.0,130,"noChange",10.0,,,,5.4,3.5,"Mostly shaded",,,,,,,,,,,,,,"Hemlock Woolly Adelgid damage on crown.","0000-0003-1933-3182","0000-0003-2369-8379","4444492a-855c-4e2c-9268-f68fbf7e5287",
"b7589638-962a-4ec8-85f8-8bc0856a37ed","HARV_038.basePlot.vst","2022-08-10","vst_HARV_2022","D01","HARV","HARV_038","39_400","NEON.PLA.D01.HARV.04148","1","ok","single bole tree","Live",16.5,130,"noChange",18.4,,,,5.8,5.3,"Partially shaded",,,,,,,,,,,,,,,"0000-0003-1933-3182","0000-0003-2369-8379","6d231ca8-8f13-47a4-b911-5e131b83d462",
"b4bdb44f-f17e-4e54-a049-88d6cc5927c1","HARV_038.basePlot.vst","2022-08-10","vst_HARV_2022","D01","HARV","HARV_038","33_100","NEON.PLA.D01.HARV.04480","1","ok","small tree","Live",2.0,130,"noChange",3.5,,,,2.1,1.7,"Mostly shaded",,,,,,,,,,,,,,,"0000-0003-1933-3182","0000-0003-2369-8379","8a15ad5b-b49f-4ebd-a8ac-697a64fb63c7",
"6bc8b114-380c-4cea-9734-ec6110ef1dd9","HARV_038.basePlot.vst","2022-08-10","vst_HARV_2022","D01","HARV","HARV_038","24_100","NEON.PLA.D01.HARV.04490","1","ok","small tree","Live",6.3,130,"noChange",9.6,,,,4.2,2.3,"Mostly shaded",,,,,,,,,,,,,,"Live; Trace insect damage","0000-0003-1933-3182","0000-0003-2369-8379","d3478ffe-8191-4a86-a6d2-d20fb258957b",
"2be00442-3e76-4c19-8d59-3f34ead30763","HARV_038.basePlot.vst","2022-08-10","vst_HARV_2022","D01","HARV","HARV_038","23_400","NEON.PLA.D01.HARV.05770","1","ok","single bole tree","Live",17.8,130,"noChange",17.2,,,,4.4,4.3,"Partially shaded",,,,,,,,,,,,,,,"0000-0003-1933-3182","0000-0003-2369-8379","47fb7469-1d77-4aad-b01b-f751790c23aa",
"d1c009f3-c8fe-46ae-b2bd-409d833b0485","HARV_038.basePlot.vst","2022-08-10","vst_HARV_2022","D01","HARV","HARV_038","33_100","NEON.PLA.D01.HARV.04470","1","ok","small tree","Live",4.7,130,"noChange",4.7,,,,4.5,4.0,"Mostly shaded",,,,,,,,,,,,,,"Wooly adelgid","0000-0003-1933-3182","0000-0003-2369-8379","845ddef4-5850-40d7-8e9a-ea2185ba4f1b",
"0ddb7f53-9680-4501-869c-94611c235f3d","HARV_038.basePlot.vst","2022-08-10","vst_HARV_2022","D01","HARV","HARV_038","39_400","NEON.PLA.D01.HARV.05709","1","ok","single bole tree","Live, insect damaged",21.5,130,"noChange",11.5,,,,7.1,6.1,"Mostly shaded",,,,,,,,,,,,,,"Hemlock woolly adelgid crown damage.","0000-0003-1933-3182","0000-0003-2369-8379","f739cfd6-6c91-46a1-b0cf-9df921eb2ead",
"2520f24d-00b9-4840-a1bb-f5f5e11db67c","HARV_038.basePlot.vst","2022-08-10","vst_HARV_2022","D01","HARV","HARV_038","24_100","NEON.PLA.D01.HARV.04483","1","ok","sapling","Live, broken bole",,,"noChange",1.6,,,,,,"Mostly shaded",,1.2,10,,,,,,,,,,,"Main stem dead and broken. Two stems had twined around each other for the first 25cm","0000-0003-1933-3182","0000-0003-2369-8379","723cee5e-30d5-4b55-b4ea-2a02713d6de0",
"341ac9c4-dbd3-4de4-9a29-0b462d370104","HARV_038.basePlot.vst","2022-08-10","vst_HARV_2022","D01","HARV","HARV_038","24_100","NEON.PLA.D01.HARV.04481","1","ok","small tree","Live",9.3,130,"noChange",8.1,,,,4.6,3.9,"Partially shaded",,,,,,,,,,,,,,"Live; Trace insect damage; hemlock woolly adelgid crown damage","0000-0003-1933-3182","0000-0003-2369-8379","5eb55246-f2c3-4947-94a1-990612ff8dca",
"a4f11b18-86c3-400d-958c-2fe9149887d7","HARV_038.basePlot.vst","2022-08-10","vst_HARV_2022","D01","HARV","HARV_038","24_100","NEON.PLA.D01.HARV.04199","1","ok","small tree","Live",4.4,130,"noChange",4.8,,,,4.7,2.2,"Full shade",,,,,,,,,,,,,,"Some minor insect damage in canopy","0000-0003-1933-3182","0000-0003-2369-8379","6cd3a07c-2043-4157-9c90-c1a9accb09fc",
"22495b64-8764-466f-a36c-90adec2d3eb3","HARV_038.basePlot.vst","2022-08-10","vst_HARV_2022","D01","HARV","HARV_038","24_100","NEON.PLA.D01.HARV.04193","1","ok","small tree","Live, physically damaged",3.0,130,"noChange",1.9,,,,2.0,1.8,"Full shade",,,,,,,,,,,,,,"Top of tree broken off| Physical; Crown damage","0000-0003-1933-3182","0000-0003-2369-8379","47615623-1c67-45f3-bab6-2c66b1873a7e",
"e98571ca-1922-4f01-9f4a-d9b577cd0a7c","HARV_038.basePlot.vst","2022-08-10","vst_HARV_2022","D01","HARV","HARV_038","39_400","NEON.PLA.D01.HARV.04147","1","ok","single bole tree","Live",13.7,130,"noChange",11.0,,,,7.2,6.5,"Mostly shaded",,,,,,,,,,,,,,,"0000-0003-1933-3182","0000-0003-2369-8379","9a994f7c-d860-41ca-8bed-49e9ef003b93",
"3a70d91f-ad02-4629-acfb-d238ddc335d0","HARV_038.basePlot.vst","2022-08-10","vst_HARV_2022","D01","HARV","HARV_038","39_400","NEON.PLA.D01.HARV.05706","1","ok","single bole tree","Live, physically damaged",14.7,130,"noChange",16.3,,,,6.3,5.3,"Mostly shaded",,,,,,,,,,,,,,"Scarring on bole from NEON nail. Nail replaced with wire.","0000-0003-1933-3182","0000-0003-2369-8379","fa19380b-ba35-4d2a-95eb-5226fd0a6c7a",
"2a0718e4-247d-4504-b4ef-3dd1e9edbc09","HARV_038.basePlot.vst","2022-08-10","vst_HARV_2022","D01","HARV","HARV_038","39_100","NEON.PLA.D01.HARV.04434","1","ok","small tree","Live, insect damaged",8.7,130,"noChange",9.5,,,,4.8,3.0,"Mostly shaded",,,,,,,,,,,,,,"Hemlock woolly adelgid crown damage.","0000-0003-1933-3182","0000-0003-2369-8379","09ac8d9c-5c06-45b6-9f6d-f9f7359f9972",
"b4af187d-fef2-4738-baab-e89a74a393e8","HARV_038.basePlot.vst","2022-08-10","vst_HARV_2022","D01","HARV","HARV_038","33_100","NEON.PLA.D01.HARV.04467","1","ok","small tree","Live",6.9,130,"noChange",5.8,,,,5.5,5.1,"Mostly shaded",,,,,,,,,,,,,,"Hemlock woolly adelgid crown damage","0000-0003-1933-3182","0000-0003-2369-8379","5556fc76-2c6b-4e62-b262-2115d59d157f",
"ee8f55dd-597c-41a9-8f4d-edc6c87c4e7a","HARV_038.basePlot.vst","2022-08-10","vst_HARV_2022","D01","HARV","HARV_038","33_100","NEON.PLA.D01.HARV.04187","1","ok","small tree","Live",1.4,130,"noChange",2.3,,,,1.7,1.2,"Full shade",,,,,,,,,,,,,,"Hemlock woolly adelgid crown damage","0000-0003-1933-3182","0000-0003-2369-8379","5871a907-94da-41aa-8c00-06f2b63e16f5",
"a5a5304d-dd40-4235-876e-f24f4c1eb929","HARV_038.basePlot.vst","2022-08-10","vst_HARV_2022","D01","HARV","HARV_038","24_100","NEON.PLA.D01.HARV.04196","1","ok","small tree","Dead, broken bole",1.0,130,"noChange",1.4,,1.4,0.9,,,"Full shade",,,,,,,,,,,,,,"Dead; Unknown cause of death","0000-0003-1933-3182","0000-0003-2369-8379","5321024a-0a1f-4ad0-bc09-c632b346591b",
"31beecb1-782c-48b9-9d6b-4a85e1197b6f","HARV_038.basePlot.vst","2022-08-10","vst_HARV_2022","D01","HARV","HARV_038","23_400","NEON.PLA.D01.HARV.05765B","3","ok","multi-bole tree","Live",25.5,139,"noChange",,,,,,,,,,,,,,,,,,,,,,"0000-0003-1933-3182","0000-0003-2369-8379","e609cf4c-3b70-4017-90ed-22011bb7f9bf",
"9205f26d-91a3-41c6-8338-720029731d0b","HARV_038.basePlot.vst","2022-08-10","vst_HARV_2022","D01","HARV","HARV_038","23_400","NEON.PLA.D01.HARV.10701","1","ok","single bole tree","Live",10.8,130,"noChange",8.3,,,,5.4,5.0,"Mostly shaded",,,,,,,,,,,,,,"Hemlock Woolly adelgid","0000-0003-1933-3182","0000-0003-2369-8379","efaa303e-bc88-488a-9992-5f28583b73c0",
"9e6cf376-2400-4eba-9741-343d6bb748db","HARV_038.basePlot.vst","2022-08-10","vst_HARV_2022","D01","HARV","HARV_038","23_400","NEON.PLA.D01.HARV.05737","1","ok","single bole tree","Standing dead",41.1,130,"noChange",28.0,,,,6.9,5.8,"Full sun",,,,,,,,,,,,,,"Dead due to unsuitable habitat","0000-0003-1933-3182","0000-0003-2369-8379","57d6f331-eb38-4c6c-a8d8-1bfe114d3152",
"2ac6fb61-156d-4b3c-9c0c-28b67c19a335","HARV_038.basePlot.vst","2022-08-10","vst_HARV_2022","D01","HARV","HARV_038","39_400","NEON.PLA.D01.HARV.05711","1","ok","single bole tree","Live, insect damaged",15.1,130,"noChange",13.8,,,,5.5,4.4,"Mostly shaded",,,,,,,,,,,,,,"Hemlock woolly adelgid crown damage.","0000-0003-1933-3182","0000-0003-2369-8379","f32a509a-f815-444a-991c-5e91a264b091",
"fd99ba2b-430d-4eb4-9f08-63e02be48d06","HARV_038.basePlot.vst","2022-08-10","vst_HARV_2022","D01","HARV","HARV_038","23_400","NEON.PLA.D01.HARV.05768","1","ok","single bole tree","Live, insect damaged",31.7,130,"noChange",15.5,,,,10.1,9.1,"Partially shaded",,,,,,,,,,,,,,"Hemlock woolly adelgid crown damage. Uncertain height measurement.","0000-0003-1933-3182","0000-0003-2369-8379","ace7126d-d66d-45f6-b765-b1b4ee26bdd0",
"1781d548-ab08-49ea-9677-085d6592b2fb","HARV_038.basePlot.vst","2022-08-10","vst_HARV_2022","D01","HARV","HARV_038","24_100","NEON.PLA.D01.HARV.04482","1","ok","small tree","Live",6.8,130,"noChange",6.5,,,,4.1,2.9,"Mostly shaded",,,,,,,,,,,,,,"Live; Trace foliar damage| Live; Trace insect damage; hemlock woolly adelgid crown damage","0000-0003-1933-3182","0000-0003-2369-8379","1a568485-7c82-4778-9e4e-5110d636daf0",
"f49224b5-b883-494b-9e70-149b74180244","HARV_038.basePlot.vst","2022-08-10","vst_HARV_2022","D01","HARV","HARV_038","39_400","NEON.PLA.D01.HARV.05717","1","ok","single bole tree","Live, physically damaged",19.6,130,"noChange",21.1,,,,5.8,5.3,"Partially shaded",,,,,,,,,,,,,,"Scar on bole from missing branch.","0000-0003-1933-3182","0000-0003-2369-8379","2ea1cc3e-7d18-40fd-831c-5b321cf5d0f7",
"1c6b0593-bc81-4b88-9f70-4729805c16fa","HARV_038.basePlot.vst","2022-08-10","vst_HARV_2022","D01","HARV","HARV_038","39_400","NEON.PLA.D01.HARV.04146","1","ok","multi-bole tree","Live",30.0,110,"noChange",22.3,,,,8.1,7.7,"Full sun",,,,,,,,,,,,,,,"0000-0003-1933-3182","0000-0003-2369-8379","8a1c79b9-2ecc-410b-b38a-5fa44848ab2d",
"f455d477-bc70-40ee-a082-200ef839149d","HARV_038.basePlot.vst","2022-08-10","vst_HARV_2022","D01","HARV","HARV_038","23_400","NEON.PLA.D01.HARV.05765","1","ok","multi-bole tree","Live",27.8,153,"noChange",23.3,,,,9.1,9.0,"Partially shaded",,,,,,,,,,,,,,,"0000-0003-1933-3182","0000-0003-2369-8379","d78e3291-4431-4d86-8144-a97e8b3d8c12",
"655f5b8e-d0f4-4fe9-8ea6-22b0906b6a69","HARV_038.basePlot.vst","2022-08-10","vst_HARV_2022","D01","HARV","HARV_038","39_400","NEON.PLA.D01.HARV.05729","1","ok","single bole tree","Live",43.1,130,"noChange",22.6,,,,11.0,8.8,"Full sun",,,,,,,,,,,,,,,"0000-0003-1933-3182","0000-0003-2369-8379","7ec4732f-302e-4da7-86d8-031362d5d4dc",
"aff3f787-90a6-4676-80ff-294a5e4f813b","HARV_038.basePlot.vst","2022-08-10","vst_HARV_2022","D01","HARV","HARV_038","23_400","NEON.PLA.D01.HARV.05740","1","ok","single bole tree","Live, broken bole",16.2,130,"noChange",13.3,,13.3,6.0,,,"Mostly shaded",,,,,,,,,,,,,,"Unknown cause of break","0000-0003-1933-3182","0000-0003-2369-8379","93c12065-9fcf-4202-b3a8-fe331d7b7e58",
"6edf0f9e-7dfb-40e8-b1fd-aa4a554c5654","HARV_038.basePlot.vst","2022-08-10","vst_HARV_2022","D01","HARV","HARV_038","23_400","NEON.PLA.D01.HARV.05758B","3","ok","multi-bole tree","Live",27.1,130,"noChange",,,,,,,,,,,,,,,,,,,,,,"0000-0003-1933-3182","0000-0003-2369-8379","df438de4-69fc-408b-8334-eb729c35b4db",
"d1e12757-502a-48ea-b5c7-a84c078ab790","HARV_038.basePlot.vst","2022-08-10","vst_HARV_2022","D01","HARV","HARV_038","23_400","NEON.PLA.D01.HARV.05758C","4","ok","multi-bole tree","Live",24.1,130,"noChange",,,,,,,,,,,,,,,,,,,,,"Tag from Smithsonian Megaplot at measurement height; measurement taken below tag.","0000-0003-1933-3182","0000-0003-2369-8379","6f14cdfa-b3aa-41ea-9be8-05d47b8f156e",
"62fa77b7-de25-405c-8ba4-a582a8409fc9","HARV_038.basePlot.vst","2022-08-10","vst_HARV_2022","D01","HARV","HARV_038","23_400","NEON.PLA.D01.HARV.05741","1","ok","single bole tree","Standing dead",41.7,130,"noChange",26.9,,,,5.4,5.1,"Full sun",,,,,,,,,,,,,,"Dead; Unknown cause of death","0000-0003-1933-3182","0000-0003-2369-8379","34437f61-01ed-46ac-ba04-18e3a9b1a0a0",
"989a3925-f8a3-4b7e-b5cc-58172b3cfe01","HARV_038.basePlot.vst","2022-08-10","vst_HARV_2022","D01","HARV","HARV_038","39_400","NEON.PLA.D01.HARV.05728","1","ok","single bole tree","Live",25.1,130,"noChange",22.4,,,,6.4,3.7,"Partially shaded",,,,,,,,,,,,,,,"0000-0003-1933-3182","0000-0003-2369-8379","f4413a0c-d3eb-42e8-84e8-a4100b4e5eb3",
"1a90378f-ae0c-4603-b90a-3a7d5a3cd4e5","HARV_038.basePlot.vst","2022-08-10","vst_HARV_2022","D01","HARV","HARV_038","23_400","NEON.PLA.D01.HARV.05739","1","ok","single bole tree","Standing dead",41.2,130,"noChange",28.8,,,,5.4,4.3,"Full sun",,,,,,,,,,,,,,"Death possibly caused by unsuitable damp soil conditions.","0000-0003-1933-3182","0000-0003-2369-8379","703565ab-4f44-46eb-91c2-05d7afe0e7e6",
"166a2e92-25c5-4067-bfd3-e2d43314cc18","HARV_038.basePlot.vst","2022-08-10","vst_HARV_2022","D01","HARV","HARV_038","33_100","NEON.PLA.D01.HARV.04184","1","ok","small tree","Live",3.6,130,"noChange",4.0,,,,2.6,2.5,"Mostly shaded",,,,,,,,,,,,,,"Hemlock Woolly adelgid","0000-0003-1933-3182","0000-0003-2369-8379","86f9aeb2-1c23-4924-a14d-553af020167a",
"c368b9ac-facb-4bc9-be8e-1571d65bc0c4","HARV_038.basePlot.vst","2022-08-10","vst_HARV_2022","D01","HARV","HARV_038","23_400","NEON.PLA.D01.HARV.05747","1","ok","single bole tree","Dead, broken bole",15.3,130,"noChange",2.3,,2.3,14.0,,,"Full shade",,,,,,,,,,,,,,"Losing bark. Fungal growth. Unknown cause of death or break.","0000-0003-1933-3182","0000-0003-2369-8379","93e1bb93-2aff-4385-bbad-d696fd132da6",
"5754c9a9-b90b-4a0d-a5a2-5dab9d80e440","HARV_038.basePlot.vst","2022-08-10","vst_HARV_2022","D01","HARV","HARV_038","33_100","NEON.PLA.D01.HARV.04183","1","ok","sapling","Live",,,"noChange",1.0,,,,,,"Partially shaded",,1.5,10,,,,,,,,,,,"Hemlock woolly adelgid crown damage","0000-0003-1933-3182","0000-0003-2369-8379","30e1fe1b-5c8d-4dc1-b1ae-438303804d21",
"b7134655-f90f-4a22-8d70-bb75e7494712","HARV_038.basePlot.vst","2022-08-10","vst_HARV_2022","D01","HARV","HARV_038","24_100","NEON.PLA.D01.HARV.04496","1","ok","small tree","Live",1.6,130,"noChange",2.3,,,,1.7,1.5,"Mostly shaded",,,,,,,,,,,,,,"Live; Trace insect damage; hemlock woolly adelgid crown damage","0000-0003-1933-3182","0000-0003-2369-8379","d41359a3-0c32-443b-bb4b-e65164cb26a3",
"a4bce8e3-ac20-4d13-b53e-0fd0f4c2f4c5","HARV_038.basePlot.vst","2022-08-10","vst_HARV_2022","D01","HARV","HARV_038","23_400","NEON.PLA.D01.HARV.05773","1","ok","single bole tree","Standing dead",24.3,130,"noChange",19.2,,,,2.6,1.4,"Partially shaded",,,,,,,,,,,,,,"Dead due to unsuitable habitat. Was planted for logging. Dead branches missing from top.","0000-0003-1933-3182","0000-0003-2369-8379","d061ac81-91c9-4ae1-8f9b-3177b8a3d5e2",
"a97239af-4843-4238-a0a8-fdce9a24f1ea","HARV_038.basePlot.vst","2022-08-10","vst_HARV_2022","D01","HARV","HARV_038","24_100","NEON.PLA.D01.HARV.04486","1","ok","small tree","Live",4.0,130,"noChange",7.7,,,,3.5,3.3,"Mostly shaded",,,,,,,,,,,,,,"Live; Trace insect damage","0000-0003-1933-3182","0000-0003-2369-8379","8f313c76-adb1-4428-9b8e-85acf5d8a993",
"4fc2eca6-50ec-44a2-94b0-42ea67d69ae8","HARV_038.basePlot.vst","2022-08-10","vst_HARV_2022","D01","HARV","HARV_038","24_100","NEON.PLA.D01.HARV.04491","1","ok","small tree","Live",4.2,130,"noChange",3.9,,,,4.0,3.2,"Partially shaded",,,,,,,,,,,,,,"Live; Trace insect damage; hemlock woolly adelgid crown damage","0000-0003-1933-3182","0000-0003-2369-8379","f840e412-df0a-4561-8f9f-8b595fb94e44",
"04204857-153b-4c79-87f3-d63ed3127408","HARV_038.basePlot.vst","2022-08-10","vst_HARV_2022","D01","HARV","HARV_038","23_400","NEON.PLA.D01.HARV.05749","1","ok","single bole tree","Live",19.5,130,"noChange",21.9,,,,5.6,3.5,"Full sun",,,,,,,,,,,,,,"Diameter double checked","0000-0003-1933-3182","0000-0003-2369-8379","74247eab-6eee-4cc7-9e19-974e67610237",
"53667c34-60ee-4266-88ac-3866da8d955c","HARV_038.basePlot.vst","2022-08-10","vst_HARV_2022","D01","HARV","HARV_038","48_100","NEON.PLA.D01.HARV.04168","1","ok","small tree","Standing dead",5.5,130,"noChange",5.9,,,,3.6,3.3,"Full shade",,,,,,,,,,,,,,"Death possibly caused by hemlock woolly adelgid.","0000-0003-1933-3182","0000-0003-2369-8379","9d937ce9-b91d-4009-b5ad-b7110ca89fdc",
"69d73c87-6f85-4f31-a262-ce5cef55c0e6","HARV_038.basePlot.vst","2022-08-10","vst_HARV_2022","D01","HARV","HARV_038","23_400","NEON.PLA.D01.HARV.05758A","2","ok","multi-bole tree","Live, physically damaged",16.6,130,"noChange",,,,,,,,,,,,,,,,,,,,,"Scar on bole from nail damage. Replaced nail with wire.","0000-0003-1933-3182","0000-0003-2369-8379","957d2347-78d4-42ae-b23f-e2004ff64970",
"01e0cf1f-1e5c-4ecd-a904-7842f4e833e2","HARV_038.basePlot.vst","2022-08-10","vst_HARV_2022","D01","HARV","HARV_038","48_100","NEON.PLA.D01.HARV.04443","1","ok","small tree","Dead, broken bole",6.6,130,"noChange",1.9,,1.9,3.5,,,"Full shade",,,,,,,,,,,,,,"Unknown cause of death. Stem decaying.","0000-0003-1933-3182","0000-0003-2369-8379","9dfd0d18-2b57-4896-bf5a-9fde5278671d",
"024d4487-e227-43d3-b101-e6a63b4a47ca","HARV_038.basePlot.vst","2022-08-10","vst_HARV_2022","D01","HARV","HARV_038","23_400","NEON.PLA.D01.HARV.05775","1","ok","single bole tree","Standing dead",14.5,130,"noChange",10.6,,,,3.9,3.1,"Full shade",,,,,,,,,,,,,,"Dead; Unknown cause of death","0000-0003-1933-3182","0000-0003-2369-8379","580420a2-76f5-47d3-a0ad-c95e8dd1f912",
"a8aa7a7e-1aac-4a4a-bae3-3d6046d5f25b","HARV_038.basePlot.vst","2022-08-10","vst_HARV_2022","D01","HARV","HARV_038","39_400","NEON.PLA.D01.HARV.05715","1","ok","single bole tree","Live, insect damaged",28.6,130,"noChange",13.7,,,,8.4,8.1,"Mostly shaded",,,,,,,,,,,,,,"Hemlock woolly adelgid crown damage.","0000-0003-1933-3182","0000-0003-2369-8379","33979a1d-522f-4138-b1fd-25f8e470c220",
"6e1f79c8-cce2-41db-8387-fc1f008a2b59","HARV_038.basePlot.vst","2022-08-10","vst_HARV_2022","D01","HARV","HARV_038","39_400","NEON.PLA.D01.HARV.05714","1","ok","single bole tree","Live",16.2,130,"noChange",17.4,,,,3.5,3.4,"Mostly shaded",,,,,,,,,,,,,,,"0000-0003-1933-3182","0000-0003-2369-8379","a33e333b-72d5-4507-bce3-f755b8004426",
"1e0a398d-2982-4f8c-8e18-a05a67c632fb","HARV_038.basePlot.vst","2022-08-10","vst_HARV_2022","D01","HARV","HARV_038","39_400","NEON.PLA.D01.HARV.04149A","2","ok","multi-bole tree","Live, physically damaged",10.0,130,"noChange",,,,,,,,,,,,,,,,,,,,,"Scarring on bole from missing branch.","0000-0003-1933-3182","0000-0003-2369-8379","3da1aae5-8e71-43d8-b2fc-66c953762c91",
"5a817c08-3dac-4da8-8bdd-b7d7c47dd9bb","HARV_038.basePlot.vst","2022-08-10","vst_HARV_2022","D01","HARV","HARV_038","23_400","NEON.PLA.D01.HARV.05771","1","ok","single bole tree","Live",24.9,130,"noChange",21.3,,,,5.7,3.4,"Full sun",,,,,,,,,,,,,,,"0000-0003-1933-3182","0000-0003-2369-8379","58176d32-e465-4234-8687-3f897a9fb0d3",
"2b55122f-fe91-4c56-892f-f9d7bfe21d5b","HARV_038.basePlot.vst","2022-08-10","vst_HARV_2022","D01","HARV","HARV_038","24_100","NEON.PLA.D01.HARV.04189","1","ok","small tree","Live",3.2,130,"noChange",3.6,,,,4.5,0.9,"Mostly shaded",,,,,,,,,,,,,,"Live; Trace foliar damage","0000-0003-1933-3182","0000-0003-2369-8379","9093d701-c76d-42c6-94ba-ec0a4dda5c04",
"29bce527-158a-4ccd-890a-21665d0885f6","HARV_038.basePlot.vst","2022-08-10","vst_HARV_2022","D01","HARV","HARV_038","23_400","NEON.PLA.D01.HARV.05742","1","ok","single bole tree","Live",19.0,130,"noChange",11.9,,,,7.4,5.6,"Mostly shaded",,,,,,,,,,,,,,"Live; Trace insect damage; hemlock woolly adelgid crown damage","0000-0003-1933-3182","0000-0003-2369-8379","f8de14f7-526a-4752-9f22-c648ae716ef0",
"e6123f60-67aa-4983-a903-2cc931045613","HARV_038.basePlot.vst","2022-08-10","vst_HARV_2022","D01","HARV","HARV_038","33_100","NEON.PLA.D01.HARV.04181","1","ok","small tree","Live",1.7,140,"noChange",2.3,,,,2.5,2.2,"Mostly shaded",,,,,,,,,,,,,,"Hemlock Woolly adelgid","0000-0003-1933-3182","0000-0003-2369-8379","df37c077-6b70-4bca-966d-09ba61d1212f",
"689b6348-8d95-4399-be15-638fd4e327c3","HARV_038.basePlot.vst","2022-08-10","vst_HARV_2022","D01","HARV","HARV_038","24_100","NEON.PLA.D01.HARV.04197","1","ok","small tree","Live",3.6,130,"noChange",3.2,,,,2.8,2.8,"Full shade",,,,,,,,,,,,,,"Hemlock woolly adelgid crown damage | Insect Damage; double checked height","0000-0003-1933-3182","0000-0003-2369-8379","5d327cc0-5006-41ce-ab0f-aee6faff1759",
"f964b31e-22f5-4106-bb8d-d84ae0ee37cf","HARV_038.basePlot.vst","2022-08-10","vst_HARV_2022","D01","HARV","HARV_038","23_400","NEON.PLA.D01.HARV.05751","1","ok","single bole tree","Live",16.3,130,"noChange",14.7,,,,6.8,5.8,"Partially shaded",,,,,,,,,,,,,,"Live; Trace insect damage","0000-0003-1933-3182","0000-0003-2369-8379","dc8ff83d-cc4f-4a2f-af3b-a3f36cad25f2",
"4837c9a8-9a62-42b1-ac5b-030237ea276a","HARV_038.basePlot.vst","2022-08-10","vst_HARV_2022","D01","HARV","HARV_038","23_400","NEON.PLA.D01.HARV.05746","1","ok","single bole tree","Live, insect damaged",12.2,130,"noChange",7.7,,,,5.3,4.7,"Mostly shaded",,,,,,,,,,,,,,"Hemlock woolly adelgid crown damage.","0000-0003-1933-3182","0000-0003-2369-8379","00ff8d5f-7a09-4661-8fbb-9ebaa970ceaf",
"5ebc9eed-1484-4ce3-bb03-9ed16f81e53b","HARV_038.basePlot.vst","2022-08-10","vst_HARV_2022","D01","HARV","HARV_038","39_400","NEON.PLA.D01.HARV.05704","1","ok","single bole tree","Live",23.3,130,"noChange",20.7,,,,6.9,6.1,"Partially shaded",,,,,,,,,,,,,,,"0000-0003-1933-3182","0000-0003-2369-8379","b2a3674d-a35e-4b49-a226-159302d90b60",
"78c75832-2e61-4a87-94fd-84e817a98d84","HARV_038.basePlot.vst","2022-08-10","vst_HARV_2022","D01","HARV","HARV_038","24_100","NEON.PLA.D01.HARV.04488","1","ok","small tree","Live, physically damaged",5.3,130,"noChange",5.2,,,,2.4,1.9,"Full shade",,,,,,,,,,,,,,"Other Damage; Branch damage","0000-0003-1933-3182","0000-0003-2369-8379","f977e9cd-d2c4-4ea5-8d04-a7dbac800870",
"30dbbb1a-4191-4986-80ba-01e4cb682515","HARV_038.basePlot.vst","2022-08-10","vst_HARV_2022","D01","HARV","HARV_038","48_100","NEON.PLA.D01.HARV.04170","1","ok","small tree","Live, insect damaged",5.0,130,"noChange",6.5,,,,3.4,3.3,"Full shade",,,,,,,,,,,,,,"Hemlock woolly adelgid crown damage.","0000-0003-1933-3182","0000-0003-2369-8379","cb9352b6-e606-432e-b293-3f1df6e4a464",
"7b030b6b-8b25-4ca8-b340-695e0bc152be","HARV_038.basePlot.vst","2022-08-10","vst_HARV_2022","D01","HARV","HARV_038","39_400","NEON.PLA.D01.HARV.05725","1","ok","single bole tree","Live",32.5,130,"noChange",23.3,,,,9.3,3.5,"Full sun",,,,,,,,,,,,,,,"0000-0003-1933-3182","0000-0003-2369-8379","b3e25427-2701-4521-8ef4-f6a7c5ac9b83",
